video,trajectory,arm,region,n,temporal_mae,temporal_residual_mae
/home/jianjinx/data2/VideoDiffusionModels/expr/onestep_avatar/d1_comparison/videos/gpu0/0008_01_view00_cam51_sigma_0.909375_one_step.mp4,one_step,gt,boundary_pm2,35,0.06388475362743651,0.0
/home/jianjinx/data2/VideoDiffusionModels/expr/onestep_avatar/d1_comparison/videos/gpu0/0008_01_view00_cam51_sigma_0.909375_one_step.mp4,one_step,gt,interior,89,0.059270639924772,0.0
/home/jianjinx/data2/VideoDiffusionModels/expr/onestep_avatar/d1_comparison/videos/gpu0/0008_01_view00_cam51_sigma_0.909375_one_step.mp4,one_step,d0,boundary_pm2,35,0.04832417842532907,0.0815390522990908
/home/jianjinx/data2/VideoDiffusionModels/expr/onestep_avatar/d1_comparison/videos/gpu0/0008_01_view00_cam51_sigma_0.909375_one_step.mp4,one_step,d0,interior,89,0.03481257882419178,0.06834941541022632
/home/jianjinx/data2/VideoDiffusionModels/expr/onestep_avatar/d1_comparison/videos/gpu0/0008_01_view00_cam51_sigma_0.909375_one_step.mp4,one_step,d1,boundary_pm2,35,0.047913214777197156,0.08286287241748401
/home/jianjinx/data2/VideoDiffusionModels/expr/onestep_avatar/d1_comparison/videos/gpu0/0008_01_view00_cam51_sigma_0.909375_one_step.mp4,one_step,d1,interior,89,0.03468238580658027,0.07026347686442432
/home/jianjinx/data2/VideoDiffusionModels/expr/onestep_avatar/d1_comparison/videos/gpu0/0008_01_view01_cam57_sigma_0.909375_one_step.mp4,one_step,gt,boundary_pm2,35,0.06337739489972591,0.0
/home/jianjinx/data2/VideoDiffusionModels/expr/onestep_avatar/d1_comparison/videos/gpu0/0008_01_view01_cam57_sigma_0.909375_one_step.mp4,one_step,gt,interior,89,0.05810047471843492,0.0
/home/jianjinx/data2/VideoDiffusionModels/expr/onestep_avatar/d1_comparison/videos/gpu0/0008_01_view01_cam57_sigma_0.909375_one_step.mp4,one_step,d0,boundary_pm2,35,0.05102169141173363,0.08031944132276944
/home/jianjinx/data2/VideoDiffusionModels/expr/onestep_avatar/d1_comparison/videos/gpu0/0008_01_view01_cam57_sigma_0.909375_one_step.mp4,one_step,d0,interior,89,0.036731916819856075,0.06788793756637011
/home/jianjinx/data2/VideoDiffusionModels/expr/onestep_avatar/d1_comparison/videos/gpu0/0008_01_view01_cam57_sigma_0.909375_one_step.mp4,one_step,d1,boundary_pm2,35,0.05097341995154108,0.08373161437255995
/home/jianjinx/data2/VideoDiffusionModels/expr/onestep_avatar/d1_comparison/videos/gpu0/0008_01_view01_cam57_sigma_0.909375_one_step.mp4,one_step,d1,interior,89,0.03663462367997076,0.07132580595907201
/home/jianjinx/data2/VideoDiffusionModels/expr/onestep_avatar/d1_comparison/videos/gpu0/0008_01_view02_cam58_sigma_0.909375_one_step.mp4,one_step,gt,boundary_pm2,35,0.058793117318834576,0.0
/home/jianjinx/data2/VideoDiffusionModels/expr/onestep_avatar/d1_comparison/videos/gpu0/0008_01_view02_cam58_sigma_0.909375_one_step.mp4,one_step,gt,interior,89,0.05439114242561915,0.0
/home/jianjinx/data2/VideoDiffusionModels/expr/onestep_avatar/d1_comparison/videos/gpu0/0008_01_view02_cam58_sigma_0.909375_one_step.mp4,one_step,d0,boundary_pm2,35,0.04609946023140635,0.07116321942635945
/home/jianjinx/data2/VideoDiffusionModels/expr/onestep_avatar/d1_comparison/videos/gpu0/0008_01_view02_cam58_sigma_0.909375_one_step.mp4,one_step,d0,interior,89,0.03327001861997702,0.06106027125726255
/home/jianjinx/data2/VideoDiffusionModels/expr/onestep_avatar/d1_comparison/videos/gpu0/0008_01_view02_cam58_sigma_0.909375_one_step.mp4,one_step,d1,boundary_pm2,35,0.0473863221971052,0.0762476490012237
/home/jianjinx/data2/VideoDiffusionModels/expr/onestep_avatar/d1_comparison/videos/gpu0/0008_01_view02_cam58_sigma_0.909375_one_step.mp4,one_step,d1,interior,89,0.03145646223317036,0.06514410370060902
/home/jianjinx/data2/VideoDiffusionModels/expr/onestep_avatar/d1_comparison/videos/gpu1/0012_09_view00_cam51_sigma_0.909375_one_step.mp4,one_step,gt,boundary_pm2,35,0.07148253848510129,0.0
/home/jianjinx/data2/VideoDiffusionModels/expr/onestep_avatar/d1_comparison/videos/gpu1/0012_09_view00_cam51_sigma_0.909375_one_step.mp4,one_step,gt,interior,89,0.06321413818160805,0.0
/home/jianjinx/data2/VideoDiffusionModels/expr/onestep_avatar/d1_comparison/videos/gpu1/0012_09_view00_cam51_sigma_0.909375_one_step.mp4,one_step,d0,boundary_pm2,35,0.05517548785677978,0.08125344653214728
/home/jianjinx/data2/VideoDiffusionModels/expr/onestep_avatar/d1_comparison/videos/gpu1/0012_09_view00_cam51_sigma_0.909375_one_step.mp4,one_step,d0,interior,89,0.04620967514478089,0.07318092702647273
/home/jianjinx/data2/VideoDiffusionModels/expr/onestep_avatar/d1_comparison/videos/gpu1/0012_09_view00_cam51_sigma_0.909375_one_step.mp4,one_step,d1,boundary_pm2,35,0.0547111253919346,0.08288162467735154
/home/jianjinx/data2/VideoDiffusionModels/expr/onestep_avatar/d1_comparison/videos/gpu1/0012_09_view00_cam51_sigma_0.909375_one_step.mp4,one_step,d1,interior,89,0.04455453188817823,0.07440867287556777
/home/jianjinx/data2/VideoDiffusionModels/expr/onestep_avatar/d1_comparison/videos/gpu1/0012_09_view01_cam52_sigma_0.909375_one_step.mp4,one_step,gt,boundary_pm2,35,0.09110871319259917,0.0
/home/jianjinx/data2/VideoDiffusionModels/expr/onestep_avatar/d1_comparison/videos/gpu1/0012_09_view01_cam52_sigma_0.909375_one_step.mp4,one_step,gt,interior,89,0.07872874995044778,0.0
/home/jianjinx/data2/VideoDiffusionModels/expr/onestep_avatar/d1_comparison/videos/gpu1/0012_09_view01_cam52_sigma_0.909375_one_step.mp4,one_step,d0,boundary_pm2,35,0.07902946594570365,0.08555786950247628
/home/jianjinx/data2/VideoDiffusionModels/expr/onestep_avatar/d1_comparison/videos/gpu1/0012_09_view01_cam52_sigma_0.909375_one_step.mp4,one_step,d0,interior,89,0.06395930480839832,0.07804532079130747
/home/jianjinx/data2/VideoDiffusionModels/expr/onestep_avatar/d1_comparison/videos/gpu1/0012_09_view01_cam52_sigma_0.909375_one_step.mp4,one_step,d1,boundary_pm2,35,0.07706955048654761,0.08850874208978245
/home/jianjinx/data2/VideoDiffusionModels/expr/onestep_avatar/d1_comparison/videos/gpu1/0012_09_view01_cam52_sigma_0.909375_one_step.mp4,one_step,d1,interior,89,0.06359690825423497,0.08360779237295135
/home/jianjinx/data2/VideoDiffusionModels/expr/onestep_avatar/d1_comparison/videos/gpu2/0012_09_view02_cam58_sigma_0.909375_one_step.mp4,one_step,gt,boundary_pm2,35,0.08061756209603378,0.0
/home/jianjinx/data2/VideoDiffusionModels/expr/onestep_avatar/d1_comparison/videos/gpu2/0012_09_view02_cam58_sigma_0.909375_one_step.mp4,one_step,gt,interior,89,0.07293702678733997,0.0
/home/jianjinx/data2/VideoDiffusionModels/expr/onestep_avatar/d1_comparison/videos/gpu2/0012_09_view02_cam58_sigma_0.909375_one_step.mp4,one_step,d0,boundary_pm2,35,0.07470211815088987,0.07656074943287032
/home/jianjinx/data2/VideoDiffusionModels/expr/onestep_avatar/d1_comparison/videos/gpu2/0012_09_view02_cam58_sigma_0.909375_one_step.mp4,one_step,d0,interior,89,0.05980201470508669,0.07002544313083205
/home/jianjinx/data2/VideoDiffusionModels/expr/onestep_avatar/d1_comparison/videos/gpu2/0012_09_view02_cam58_sigma_0.909375_one_step.mp4,one_step,d1,boundary_pm2,35,0.07447224514825003,0.08009335888283593
/home/jianjinx/data2/VideoDiffusionModels/expr/onestep_avatar/d1_comparison/videos/gpu2/0012_09_view02_cam58_sigma_0.909375_one_step.mp4,one_step,d1,interior,89,0.059590077791572285,0.07409654706297966
/home/jianjinx/data2/VideoDiffusionModels/expr/onestep_avatar/d1_comparison/videos/gpu2/0025_11_view00_cam51_sigma_0.909375_one_step.mp4,one_step,gt,boundary_pm2,35,0.03405184855551592,0.0
/home/jianjinx/data2/VideoDiffusionModels/expr/onestep_avatar/d1_comparison/videos/gpu2/0025_11_view00_cam51_sigma_0.909375_one_step.mp4,one_step,gt,interior,89,0.029160685434393332,0.0
/home/jianjinx/data2/VideoDiffusionModels/expr/onestep_avatar/d1_comparison/videos/gpu2/0025_11_view00_cam51_sigma_0.909375_one_step.mp4,one_step,d0,boundary_pm2,35,0.033624807159815515,0.040223089099994724
/home/jianjinx/data2/VideoDiffusionModels/expr/onestep_avatar/d1_comparison/videos/gpu2/0025_11_view00_cam51_sigma_0.909375_one_step.mp4,one_step,d0,interior,89,0.026961648883821254,0.030864493267380454
/home/jianjinx/data2/VideoDiffusionModels/expr/onestep_avatar/d1_comparison/videos/gpu2/0025_11_view00_cam51_sigma_0.909375_one_step.mp4,one_step,d1,boundary_pm2,35,0.034699380690498015,0.04204488799774221
/home/jianjinx/data2/VideoDiffusionModels/expr/onestep_avatar/d1_comparison/videos/gpu2/0025_11_view00_cam51_sigma_0.909375_one_step.mp4,one_step,d1,interior,89,0.02636705062174228,0.032571894849200596
/home/jianjinx/data2/VideoDiffusionModels/expr/onestep_avatar/d1_comparison/videos/gpu3/0025_11_view01_cam52_sigma_0.909375_one_step.mp4,one_step,gt,boundary_pm2,35,0.026538416251008,0.0
/home/jianjinx/data2/VideoDiffusionModels/expr/onestep_avatar/d1_comparison/videos/gpu3/0025_11_view01_cam52_sigma_0.909375_one_step.mp4,one_step,gt,interior,89,0.021960738265436937,0.0
/home/jianjinx/data2/VideoDiffusionModels/expr/onestep_avatar/d1_comparison/videos/gpu3/0025_11_view01_cam52_sigma_0.909375_one_step.mp4,one_step,d0,boundary_pm2,35,0.02564261337476117,0.03208946656169636
/home/jianjinx/data2/VideoDiffusionModels/expr/onestep_avatar/d1_comparison/videos/gpu3/0025_11_view01_cam52_sigma_0.909375_one_step.mp4,one_step,d0,interior,89,0.01885690140339096,0.0256227679875041
/home/jianjinx/data2/VideoDiffusionModels/expr/onestep_avatar/d1_comparison/videos/gpu3/0025_11_view01_cam52_sigma_0.909375_one_step.mp4,one_step,d1,boundary_pm2,35,0.027454839713339296,0.035958540333168844
/home/jianjinx/data2/VideoDiffusionModels/expr/onestep_avatar/d1_comparison/videos/gpu3/0025_11_view01_cam52_sigma_0.909375_one_step.mp4,one_step,d1,interior,89,0.019241720176396075,0.028258845471682843
/home/jianjinx/data2/VideoDiffusionModels/expr/onestep_avatar/d1_comparison/videos/gpu3/0025_11_view02_cam58_sigma_0.909375_one_step.mp4,one_step,gt,boundary_pm2,35,0.023090424075988786,0.0
/home/jianjinx/data2/VideoDiffusionModels/expr/onestep_avatar/d1_comparison/videos/gpu3/0025_11_view02_cam58_sigma_0.909375_one_step.mp4,one_step,gt,interior,89,0.020053558075130824,0.0
/home/jianjinx/data2/VideoDiffusionModels/expr/onestep_avatar/d1_comparison/videos/gpu3/0025_11_view02_cam58_sigma_0.909375_one_step.mp4,one_step,d0,boundary_pm2,35,0.02195954957444753,0.029500458176646913
/home/jianjinx/data2/VideoDiffusionModels/expr/onestep_avatar/d1_comparison/videos/gpu3/0025_11_view02_cam58_sigma_0.909375_one_step.mp4,one_step,d0,interior,89,0.01622765339136626,0.022191866913161586
/home/jianjinx/data2/VideoDiffusionModels/expr/onestep_avatar/d1_comparison/videos/gpu3/0025_11_view02_cam58_sigma_0.909375_one_step.mp4,one_step,d1,boundary_pm2,35,0.021926681298230374,0.034836181519286975
/home/jianjinx/data2/VideoDiffusionModels/expr/onestep_avatar/d1_comparison/videos/gpu3/0025_11_view02_cam58_sigma_0.909375_one_step.mp4,one_step,d1,interior,89,0.01575264176667741,0.024624619800388145
/home/jianjinx/data2/VideoDiffusionModels/expr/onestep_avatar/d1_comparison/videos/official/gpu0/0008_01_view00_cam51_sigma_0.909375_official.mp4,official,gt,boundary_pm2,35,0.06389299514038223,0.0
/home/jianjinx/data2/VideoDiffusionModels/expr/onestep_avatar/d1_comparison/videos/official/gpu0/0008_01_view00_cam51_sigma_0.909375_official.mp4,official,gt,interior,89,0.05927615067032113,0.0
/home/jianjinx/data2/VideoDiffusionModels/expr/onestep_avatar/d1_comparison/videos/official/gpu0/0008_01_view00_cam51_sigma_0.909375_official.mp4,official,d0,boundary_pm2,35,0.07004444152116776,0.0952036592577185
/home/jianjinx/data2/VideoDiffusionModels/expr/onestep_avatar/d1_comparison/videos/official/gpu0/0008_01_view00_cam51_sigma_0.909375_official.mp4,official,d0,interior,89,0.056526880167173534,0.08236098147175286
/home/jianjinx/data2/VideoDiffusionModels/expr/onestep_avatar/d1_comparison/videos/official/gpu0/0008_01_view00_cam51_sigma_0.909375_official.mp4,official,d1,boundary_pm2,35,0.06997143392051969,0.10018440261483193
/home/jianjinx/data2/VideoDiffusionModels/expr/onestep_avatar/d1_comparison/videos/official/gpu0/0008_01_view00_cam51_sigma_0.909375_official.mp4,official,d1,interior,89,0.052061088550626564,0.08469920231845607
/home/jianjinx/data2/VideoDiffusionModels/expr/onestep_avatar/d1_comparison/videos/official/gpu0/0008_01_view01_cam57_sigma_0.909375_official.mp4,official,gt,boundary_pm2,35,0.06337546780705453,0.0
/home/jianjinx/data2/VideoDiffusionModels/expr/onestep_avatar/d1_comparison/videos/official/gpu0/0008_01_view01_cam57_sigma_0.909375_official.mp4,official,gt,interior,89,0.05810945897279412,0.0
/home/jianjinx/data2/VideoDiffusionModels/expr/onestep_avatar/d1_comparison/videos/official/gpu0/0008_01_view01_cam57_sigma_0.909375_official.mp4,official,d0,boundary_pm2,35,0.0732073541198458,0.09074018448591233
/home/jianjinx/data2/VideoDiffusionModels/expr/onestep_avatar/d1_comparison/videos/official/gpu0/0008_01_view01_cam57_sigma_0.909375_official.mp4,official,d0,interior,89,0.055467435888673984,0.0792813889232328
/home/jianjinx/data2/VideoDiffusionModels/expr/onestep_avatar/d1_comparison/videos/official/gpu0/0008_01_view01_cam57_sigma_0.909375_official.mp4,official,d1,boundary_pm2,35,0.0737160362303257,0.10134500414133071
/home/jianjinx/data2/VideoDiffusionModels/expr/onestep_avatar/d1_comparison/videos/official/gpu0/0008_01_view01_cam57_sigma_0.909375_official.mp4,official,d1,interior,89,0.05380279385599862,0.08601377247257179
/home/jianjinx/data2/VideoDiffusionModels/expr/onestep_avatar/d1_comparison/videos/official/gpu0/0008_01_view02_cam58_sigma_0.909375_official.mp4,official,gt,boundary_pm2,35,0.05880916544369289,0.0
/home/jianjinx/data2/VideoDiffusionModels/expr/onestep_avatar/d1_comparison/videos/official/gpu0/0008_01_view02_cam58_sigma_0.909375_official.mp4,official,gt,interior,89,0.054398970934823994,0.0
/home/jianjinx/data2/VideoDiffusionModels/expr/onestep_avatar/d1_comparison/videos/official/gpu0/0008_01_view02_cam58_sigma_0.909375_official.mp4,official,d0,boundary_pm2,35,0.06458021141588688,0.08174728399940899
/home/jianjinx/data2/VideoDiffusionModels/expr/onestep_avatar/d1_comparison/videos/official/gpu0/0008_01_view02_cam58_sigma_0.909375_official.mp4,official,d0,interior,89,0.04978368630674615,0.07179273503801126
/home/jianjinx/data2/VideoDiffusionModels/expr/onestep_avatar/d1_comparison/videos/official/gpu0/0008_01_view02_cam58_sigma_0.909375_official.mp4,official,d1,boundary_pm2,35,0.06518024653196335,0.08985103837081364
/home/jianjinx/data2/VideoDiffusionModels/expr/onestep_avatar/d1_comparison/videos/official/gpu0/0008_01_view02_cam58_sigma_0.909375_official.mp4,official,d1,interior,89,0.04888024376809932,0.08007058720993862
/home/jianjinx/data2/VideoDiffusionModels/expr/onestep_avatar/d1_comparison/videos/official/gpu1/0012_09_view00_cam51_sigma_0.909375_official.mp4,official,gt,boundary_pm2,35,0.0714726817395006,0.0
/home/jianjinx/data2/VideoDiffusionModels/expr/onestep_avatar/d1_comparison/videos/official/gpu1/0012_09_view00_cam51_sigma_0.909375_official.mp4,official,gt,interior,89,0.06324383621679598,0.0
/home/jianjinx/data2/VideoDiffusionModels/expr/onestep_avatar/d1_comparison/videos/official/gpu1/0012_09_view00_cam51_sigma_0.909375_official.mp4,official,d0,boundary_pm2,35,0.07081626786717347,0.08933876380324364
/home/jianjinx/data2/VideoDiffusionModels/expr/onestep_avatar/d1_comparison/videos/official/gpu1/0012_09_view00_cam51_sigma_0.909375_official.mp4,official,d0,interior,89,0.061073337273483866,0.0807169374245941
/home/jianjinx/data2/VideoDiffusionModels/expr/onestep_avatar/d1_comparison/videos/official/gpu1/0012_09_view00_cam51_sigma_0.909375_official.mp4,official,d1,boundary_pm2,35,0.06830812014107193,0.09232557543686458
/home/jianjinx/data2/VideoDiffusionModels/expr/onestep_avatar/d1_comparison/videos/official/gpu1/0012_09_view00_cam51_sigma_0.909375_official.mp4,official,d1,interior,89,0.05772624749512401,0.08341219544075848
/home/jianjinx/data2/VideoDiffusionModels/expr/onestep_avatar/d1_comparison/videos/official/gpu1/0012_09_view01_cam52_sigma_0.909375_official.mp4,official,gt,boundary_pm2,35,0.09111595638096333,0.0
/home/jianjinx/data2/VideoDiffusionModels/expr/onestep_avatar/d1_comparison/videos/official/gpu1/0012_09_view01_cam52_sigma_0.909375_official.mp4,official,gt,interior,89,0.07874865356958315,0.0
/home/jianjinx/data2/VideoDiffusionModels/expr/onestep_avatar/d1_comparison/videos/official/gpu1/0012_09_view01_cam52_sigma_0.909375_official.mp4,official,d0,boundary_pm2,35,0.0957082524895668,0.09270783907600812
/home/jianjinx/data2/VideoDiffusionModels/expr/onestep_avatar/d1_comparison/videos/official/gpu1/0012_09_view01_cam52_sigma_0.909375_official.mp4,official,d0,interior,89,0.08268779586330893,0.08851994760334492
/home/jianjinx/data2/VideoDiffusionModels/expr/onestep_avatar/d1_comparison/videos/official/gpu1/0012_09_view01_cam52_sigma_0.909375_official.mp4,official,d1,boundary_pm2,35,0.09412598620568002,0.0967293908553464
/home/jianjinx/data2/VideoDiffusionModels/expr/onestep_avatar/d1_comparison/videos/official/gpu1/0012_09_view01_cam52_sigma_0.909375_official.mp4,official,d1,interior,89,0.08108150149078182,0.09476526198762186
/home/jianjinx/data2/VideoDiffusionModels/expr/onestep_avatar/d1_comparison/videos/official/gpu2/0012_09_view02_cam58_sigma_0.909375_official.mp4,official,gt,boundary_pm2,35,0.08062757881624358,0.0
/home/jianjinx/data2/VideoDiffusionModels/expr/onestep_avatar/d1_comparison/videos/official/gpu2/0012_09_view02_cam58_sigma_0.909375_official.mp4,official,gt,interior,89,0.0729654004818268,0.0
/home/jianjinx/data2/VideoDiffusionModels/expr/onestep_avatar/d1_comparison/videos/official/gpu2/0012_09_view02_cam58_sigma_0.909375_official.mp4,official,d0,boundary_pm2,35,0.08983189463615418,0.08318236236061369
/home/jianjinx/data2/VideoDiffusionModels/expr/onestep_avatar/d1_comparison/videos/official/gpu2/0012_09_view02_cam58_sigma_0.909375_official.mp4,official,d0,interior,89,0.07649916512996294,0.07866197324284677
/home/jianjinx/data2/VideoDiffusionModels/expr/onestep_avatar/d1_comparison/videos/official/gpu2/0012_09_view02_cam58_sigma_0.909375_official.mp4,official,d1,boundary_pm2,35,0.09010174332984856,0.08757622880595071
/home/jianjinx/data2/VideoDiffusionModels/expr/onestep_avatar/d1_comparison/videos/official/gpu2/0012_09_view02_cam58_sigma_0.909375_official.mp4,official,d1,interior,89,0.0753742539731974,0.0837236593864607
/home/jianjinx/data2/VideoDiffusionModels/expr/onestep_avatar/d1_comparison/videos/official/gpu2/0025_11_view00_cam51_sigma_0.909375_official.mp4,official,gt,boundary_pm2,35,0.03405022475469325,0.0
/home/jianjinx/data2/VideoDiffusionModels/expr/onestep_avatar/d1_comparison/videos/official/gpu2/0025_11_view00_cam51_sigma_0.909375_official.mp4,official,gt,interior,89,0.029173760020875194,0.0
/home/jianjinx/data2/VideoDiffusionModels/expr/onestep_avatar/d1_comparison/videos/official/gpu2/0025_11_view00_cam51_sigma_0.909375_official.mp4,official,d0,boundary_pm2,35,0.038655732824866264,0.041633421289069314
/home/jianjinx/data2/VideoDiffusionModels/expr/onestep_avatar/d1_comparison/videos/official/gpu2/0025_11_view00_cam51_sigma_0.909375_official.mp4,official,d0,interior,89,0.029699819680470765,0.03132502951533691
/home/jianjinx/data2/VideoDiffusionModels/expr/onestep_avatar/d1_comparison/videos/official/gpu2/0025_11_view00_cam51_sigma_0.909375_official.mp4,official,d1,boundary_pm2,35,0.03978719087982816,0.04501712919612016
/home/jianjinx/data2/VideoDiffusionModels/expr/onestep_avatar/d1_comparison/videos/official/gpu2/0025_11_view00_cam51_sigma_0.909375_official.mp4,official,d1,interior,89,0.02917823460204213,0.03461153626316384
/home/jianjinx/data2/VideoDiffusionModels/expr/onestep_avatar/d1_comparison/videos/official/gpu3/0025_11_view01_cam52_sigma_0.909375_official.mp4,official,gt,boundary_pm2,35,0.026538290821814112,0.0
/home/jianjinx/data2/VideoDiffusionModels/expr/onestep_avatar/d1_comparison/videos/official/gpu3/0025_11_view01_cam52_sigma_0.909375_official.mp4,official,gt,interior,89,0.02195253444108275,0.0
/home/jianjinx/data2/VideoDiffusionModels/expr/onestep_avatar/d1_comparison/videos/official/gpu3/0025_11_view01_cam52_sigma_0.909375_official.mp4,official,d0,boundary_pm2,35,0.02909619831480086,0.03392800372093916
/home/jianjinx/data2/VideoDiffusionModels/expr/onestep_avatar/d1_comparison/videos/official/gpu3/0025_11_view01_cam52_sigma_0.909375_official.mp4,official,d0,interior,89,0.02192101577882854,0.028256017196756064
/home/jianjinx/data2/VideoDiffusionModels/expr/onestep_avatar/d1_comparison/videos/official/gpu3/0025_11_view01_cam52_sigma_0.909375_official.mp4,official,d1,boundary_pm2,35,0.03091762526226895,0.03940513169925128
/home/jianjinx/data2/VideoDiffusionModels/expr/onestep_avatar/d1_comparison/videos/official/gpu3/0025_11_view01_cam52_sigma_0.909375_official.mp4,official,d1,interior,89,0.02229808196634724,0.03253662236704585
/home/jianjinx/data2/VideoDiffusionModels/expr/onestep_avatar/d1_comparison/videos/official/gpu3/0025_11_view02_cam58_sigma_0.909375_official.mp4,official,gt,boundary_pm2,35,0.023076732523207154,0.0
/home/jianjinx/data2/VideoDiffusionModels/expr/onestep_avatar/d1_comparison/videos/official/gpu3/0025_11_view02_cam58_sigma_0.909375_official.mp4,official,gt,interior,89,0.020042946352885012,0.0
/home/jianjinx/data2/VideoDiffusionModels/expr/onestep_avatar/d1_comparison/videos/official/gpu3/0025_11_view02_cam58_sigma_0.909375_official.mp4,official,d0,boundary_pm2,35,0.026675587772790874,0.0307403037723686
/home/jianjinx/data2/VideoDiffusionModels/expr/onestep_avatar/d1_comparison/videos/official/gpu3/0025_11_view02_cam58_sigma_0.909375_official.mp4,official,d0,interior,89,0.020439444185663642,0.024131755093426518
/home/jianjinx/data2/VideoDiffusionModels/expr/onestep_avatar/d1_comparison/videos/official/gpu3/0025_11_view02_cam58_sigma_0.909375_official.mp4,official,d1,boundary_pm2,35,0.027993480036301272,0.03936447647533246
/home/jianjinx/data2/VideoDiffusionModels/expr/onestep_avatar/d1_comparison/videos/official/gpu3/0025_11_view02_cam58_sigma_0.909375_official.mp4,official,d1,interior,89,0.01994109037593844,0.02789163573781091
